{"cameraMode":{"drawMode":0,"name":"Shaded","section":"Shading Mode"},"sceneLighting":false,"audioPlay":false,"sceneViewState":{"showFog":true,"showMaterialUpdate":false,"showSkybox":false,"showFlares":true,"showImageEffects":true,"showParticleSystems":true},"in2DMode":false,"pivot":{"x":2.106546640396118,"y":2.6089961528778078,"z":-1.5285179615020753},"rotation":{"x":0.07124362140893936,"y":0.9260124564170837,"z":-0.29652366042137148,"w":0.22248904407024384},"size":0.93744295835495,"orthographic":false}