{"cameraMode":{"drawMode":0,"name":"Shaded","section":"Shading Mode"},"sceneLighting":false,"audioPlay":false,"sceneViewState":{"showFog":true,"showMaterialUpdate":false,"showSkybox":false,"showFlares":true,"showImageEffects":true,"showParticleSystems":true},"in2DMode":false,"pivot":{"x":0.21011614799499513,"y":10.608861923217774,"z":-9.214117050170899},"rotation":{"x":0.09159770607948303,"y":-0.044178325682878497,"z":0.00404641916975379,"w":0.9948546886444092},"size":5.338316440582275,"orthographic":false}