{"cameraMode":{"drawMode":0,"name":"Shaded","section":"Shading Mode"},"sceneLighting":false,"audioPlay":false,"sceneViewState":{"showFog":true,"showMaterialUpdate":false,"showSkybox":false,"showFlares":true,"showImageEffects":true,"showParticleSystems":true},"in2DMode":false,"pivot":{"x":-0.26235470175743105,"y":-1.3027745485305787,"z":1.7684121131896973},"rotation":{"x":-0.3011227250099182,"y":0.05060495436191559,"z":-0.01599770225584507,"w":-0.9521251320838928},"size":1.5432791709899903,"orthographic":false}