{"cameraMode":{"drawMode":0,"name":"Shaded","section":"Shading Mode"},"sceneLighting":false,"audioPlay":false,"sceneViewState":{"showFog":true,"showMaterialUpdate":false,"showSkybox":false,"showFlares":true,"showImageEffects":true,"showParticleSystems":true},"in2DMode":false,"pivot":{"x":0.0174444317817688,"y":0.14034682512283326,"z":0.029259979724884034},"rotation":{"x":-0.23353950679302216,"y":-0.027127139270305635,"z":0.006518091075122356,"w":-0.9719477295875549},"size":0.6849706768989563,"orthographic":false}