{"cameraMode":{"drawMode":0,"name":"Shaded","section":"Shading Mode"},"sceneLighting":false,"audioPlay":false,"sceneViewState":{"showFog":true,"showMaterialUpdate":false,"showSkybox":false,"showFlares":true,"showImageEffects":true,"showParticleSystems":true},"in2DMode":false,"pivot":{"x":-1.0556327104568482,"y":0.35991764068603518,"z":0.6598440408706665},"rotation":{"x":-0.1250220388174057,"y":-0.31642696261405947,"z":0.04211234301328659,"w":-0.9393993616104126},"size":1.5782723426818848,"orthographic":false}