{"cameraMode":{"drawMode":0,"name":"Shaded","section":"Shading Mode"},"sceneLighting":false,"audioPlay":false,"sceneViewState":{"showFog":true,"showMaterialUpdate":false,"showSkybox":false,"showFlares":true,"showImageEffects":true,"showParticleSystems":true},"in2DMode":false,"pivot":{"x":0.8301007151603699,"y":1.3600651025772095,"z":-2.948517322540283},"rotation":{"x":0.04090089723467827,"y":0.7736737728118897,"z":-0.05022163316607475,"w":0.630349338054657},"size":0.7563910484313965,"orthographic":false}