{"cameraMode":{"drawMode":0,"name":"Shaded","section":"Shading Mode"},"sceneLighting":true,"audioPlay":false,"sceneViewState":{"showFog":true,"showMaterialUpdate":false,"showSkybox":true,"showFlares":true,"showImageEffects":true,"showParticleSystems":true},"in2DMode":false,"pivot":{"x":-0.4102235436439514,"y":0.10836124420166016,"z":-1.7239093780517579},"rotation":{"x":-0.29724693298339846,"y":0.003434541169553995,"z":-0.001069338177330792,"w":-0.9547946453094482},"size":6.430778980255127,"orthographic":false}