{"cameraMode":{"drawMode":0,"name":"Shaded","section":"Shading Mode"},"sceneLighting":false,"audioPlay":false,"sceneViewState":{"showFog":true,"showMaterialUpdate":false,"showSkybox":false,"showFlares":true,"showImageEffects":true,"showParticleSystems":true},"in2DMode":false,"pivot":{"x":-0.16686290502548219,"y":-0.16368433833122254,"z":0.01086205244064331},"rotation":{"x":-0.22521115839481355,"y":-0.31418609619140627,"z":0.07698848843574524,"w":-0.919053316116333},"size":0.8005630373954773,"orthographic":false}