{"cameraMode":{"drawMode":0,"name":"Shaded","section":"Shading Mode"},"sceneLighting":false,"audioPlay":false,"sceneViewState":{"showFog":true,"showMaterialUpdate":false,"showSkybox":false,"showFlares":true,"showImageEffects":true,"showParticleSystems":true},"in2DMode":false,"pivot":{"x":1.5615204572677613,"y":-0.042209506034851077,"z":0.63942551612854},"rotation":{"x":-0.25978928804397585,"y":-0.008114004507660866,"z":0.0021842324640601875,"w":-0.965639054775238},"size":3.2427749633789064,"orthographic":false}