{"cameraMode":{"drawMode":0,"name":"Shaded","section":"Shading Mode"},"sceneLighting":true,"audioPlay":false,"sceneViewState":{"showFog":true,"showMaterialUpdate":false,"showSkybox":true,"showFlares":true,"showImageEffects":true,"showParticleSystems":true},"in2DMode":false,"pivot":{"x":0.6144577264785767,"y":3.013770580291748,"z":-6.922335624694824},"rotation":{"x":-0.21607227623462678,"y":-0.19416578114032746,"z":0.043901458382606509,"w":-0.9558860659599304},"size":3.460021495819092,"orthographic":false}