{"cameraMode":{"drawMode":0,"name":"Shaded","section":"Shading Mode"},"sceneLighting":true,"audioPlay":false,"sceneViewState":{"showFog":true,"showMaterialUpdate":false,"showSkybox":true,"showFlares":true,"showImageEffects":true,"showParticleSystems":true},"in2DMode":false,"pivot":{"x":2.5473175048828127,"y":2.601734161376953,"z":13.508949279785157},"rotation":{"x":-0.12446611374616623,"y":-0.8535329699516296,"z":0.23789343237876893,"w":-0.44661974906921389},"size":59.6228141784668,"orthographic":false}