{"cameraMode":{"drawMode":0,"name":"Shaded","section":"Shading Mode"},"sceneLighting":false,"audioPlay":false,"sceneViewState":{"showFog":true,"showMaterialUpdate":false,"showSkybox":false,"showFlares":true,"showImageEffects":true,"showParticleSystems":true},"in2DMode":false,"pivot":{"x":-0.7155516743659973,"y":-0.17363664507865907,"z":-0.5337469577789307},"rotation":{"x":0.06590661406517029,"y":-0.2336641252040863,"z":0.015753891319036485,"w":0.9700152277946472},"size":1.6498475074768067,"orthographic":false}