{"cameraMode":{"drawMode":0,"name":"Shaded","section":"Shading Mode"},"sceneLighting":false,"audioPlay":false,"sceneViewState":{"showFog":true,"showMaterialUpdate":false,"showSkybox":false,"showFlares":true,"showImageEffects":true,"showParticleSystems":true},"in2DMode":false,"pivot":{"x":-0.99045330286026,"y":-0.5281795263290405,"z":-0.9286718368530273},"rotation":{"x":-0.12536847591400147,"y":0.09715970605611801,"z":-0.012338122352957726,"w":-0.9872653484344482},"size":1.2793428897857667,"orthographic":false}