{"cameraMode":{"drawMode":0,"name":"Shaded","section":"Shading Mode"},"sceneLighting":true,"audioPlay":false,"sceneViewState":{"showFog":true,"showMaterialUpdate":false,"showSkybox":true,"showFlares":true,"showImageEffects":true,"showParticleSystems":true},"in2DMode":false,"pivot":{"x":125.220703125,"y":10.97503662109375,"z":110.62478637695313},"rotation":{"x":-0.3180401623249054,"y":-0.4294058382511139,"z":0.1647534966468811,"w":-0.8290695548057556},"size":273.7749328613281,"orthographic":false}