{"cameraMode":{"drawMode":0,"name":"Shaded","section":"Shading Mode"},"sceneLighting":false,"audioPlay":false,"sceneViewState":{"showFog":true,"showMaterialUpdate":false,"showSkybox":false,"showFlares":true,"showImageEffects":true,"showParticleSystems":true},"in2DMode":false,"pivot":{"x":-0.4519546329975128,"y":1.736325740814209,"z":-6.578447341918945},"rotation":{"x":-0.24523422122001649,"y":-0.019776994362473489,"z":0.005008319858461618,"w":-0.9692642688751221},"size":0.937034547328949,"orthographic":false}