{"cameraMode":{"drawMode":0,"name":"Shaded","section":"Shading Mode"},"sceneLighting":true,"audioPlay":false,"sceneViewState":{"showFog":true,"showMaterialUpdate":false,"showSkybox":true,"showFlares":true,"showImageEffects":true,"showParticleSystems":true},"in2DMode":false,"pivot":{"x":-28.86322021484375,"y":11.223922729492188,"z":5.606689453125},"rotation":{"x":-0.1881301999092102,"y":-0.02298368141055107,"z":0.004403664264827967,"w":-0.9818692803382874},"size":85.64142608642578,"orthographic":false}