{"cameraMode":{"drawMode":0,"name":"Shaded","section":"Shading Mode"},"sceneLighting":true,"audioPlay":false,"sceneViewState":{"showFog":true,"showMaterialUpdate":false,"showSkybox":true,"showFlares":true,"showImageEffects":true,"showParticleSystems":true},"in2DMode":false,"pivot":{"x":1.6162843704223633,"y":9.994213104248047,"z":-25.354103088378908},"rotation":{"x":-0.10013765096664429,"y":-0.09923165291547775,"z":0.010037044063210488,"w":-0.9899656176567078},"size":5.534016132354736,"orthographic":false}