{"cameraMode":{"drawMode":0,"name":"Shaded","section":"Shading Mode"},"sceneLighting":false,"audioPlay":false,"sceneViewState":{"showFog":true,"showMaterialUpdate":false,"showSkybox":false,"showFlares":true,"showImageEffects":true,"showParticleSystems":true},"in2DMode":false,"pivot":{"x":-9.4399995803833,"y":0.5799999833106995,"z":-1.9199999570846558},"rotation":{"x":-0.18508945405483247,"y":-0.21417786180973054,"z":0.041371699422597888,"w":-0.9582162499427795},"size":10.0,"orthographic":false}