{"cameraMode":{"drawMode":0,"name":"Shaded","section":"Shading Mode"},"sceneLighting":true,"audioPlay":false,"sceneViewState":{"showFog":true,"showMaterialUpdate":false,"showSkybox":true,"showFlares":true,"showImageEffects":true,"showParticleSystems":true},"in2DMode":false,"pivot":{"x":3.3705215454101564,"y":-2.183624267578125,"z":-1.830026626586914},"rotation":{"x":-0.2087276428937912,"y":-0.4846927225589752,"z":0.12031204998493195,"w":-0.840861439704895},"size":5.757707118988037,"orthographic":false}