{"cameraMode":{"drawMode":0,"name":"Shaded","section":"Shading Mode"},"sceneLighting":false,"audioPlay":false,"sceneViewState":{"showFog":true,"showMaterialUpdate":false,"showSkybox":false,"showFlares":true,"showImageEffects":true,"showParticleSystems":true},"in2DMode":false,"pivot":{"x":-10.652631759643555,"y":2.4628233909606935,"z":-1.7427005767822266},"rotation":{"x":-0.12863966822624207,"y":0.06896120309829712,"z":-0.008967002853751183,"w":-0.9892613887786865},"size":3.3073947429656984,"orthographic":false}