{"cameraMode":{"drawMode":0,"name":"Shaded","section":"Shading Mode"},"sceneLighting":false,"audioPlay":false,"sceneViewState":{"showFog":true,"showMaterialUpdate":false,"showSkybox":false,"showFlares":true,"showImageEffects":true,"showParticleSystems":true},"in2DMode":false,"pivot":{"x":0.0011792443692684174,"y":0.014887263998389244,"z":-0.000045822933316230774},"rotation":{"x":-0.3054279088973999,"y":0.04910561442375183,"z":-0.01576937362551689,"w":-0.9508330225944519},"size":0.06310116499662399,"orthographic":false}