{"cameraMode":{"drawMode":0,"name":"Shaded","section":"Shading Mode"},"sceneLighting":false,"audioPlay":false,"sceneViewState":{"showFog":true,"showMaterialUpdate":false,"showSkybox":false,"showFlares":true,"showImageEffects":true,"showParticleSystems":true},"in2DMode":false,"pivot":{"x":-5.586544513702393,"y":1.3334602117538453,"z":-6.3195600509643559},"rotation":{"x":-0.32410115003585818,"y":-0.03631869703531265,"z":0.01245168223977089,"w":-0.9452531933784485},"size":1.5967140197753907,"orthographic":false}