{"cameraMode":{"drawMode":0,"name":"Shaded","section":"Shading Mode"},"sceneLighting":false,"audioPlay":false,"sceneViewState":{"showFog":true,"showMaterialUpdate":false,"showSkybox":false,"showFlares":true,"showImageEffects":true,"showParticleSystems":true},"in2DMode":false,"pivot":{"x":0.06654882431030274,"y":0.32582300901412966,"z":0.0944359302520752},"rotation":{"x":0.020618079230189325,"y":-0.08328957855701447,"z":-0.0017080249963328243,"w":-0.9963269829750061},"size":0.9826616644859314,"orthographic":false}