{"cameraMode":{"drawMode":0,"name":"Shaded","section":"Shading Mode"},"sceneLighting":true,"audioPlay":false,"sceneViewState":{"showFog":true,"showMaterialUpdate":false,"showSkybox":true,"showFlares":true,"showImageEffects":true,"showParticleSystems":true},"in2DMode":false,"pivot":{"x":-1.5414865016937256,"y":0.3770890235900879,"z":-2.9316763877868654},"rotation":{"x":-0.3054279088973999,"y":0.04910561442375183,"z":-0.01576937362551689,"w":-0.9508330225944519},"size":3.339566469192505,"orthographic":false}