{"cameraMode":{"drawMode":0,"name":"Shaded","section":"Shading Mode"},"sceneLighting":false,"audioPlay":false,"sceneViewState":{"showFog":true,"showMaterialUpdate":false,"showSkybox":false,"showFlares":true,"showImageEffects":true,"showParticleSystems":true},"in2DMode":false,"pivot":{"x":5.20456600189209,"y":7.9067888259887699,"z":-9.902700424194336},"rotation":{"x":0.09159770607948303,"y":-0.044178325682878497,"z":0.00404641916975379,"w":0.9948546886444092},"size":7.328538417816162,"orthographic":false}