{"cameraMode":{"drawMode":0,"name":"Shaded","section":"Shading Mode"},"sceneLighting":true,"audioPlay":false,"sceneViewState":{"showFog":true,"showMaterialUpdate":false,"showSkybox":true,"showFlares":true,"showImageEffects":true,"showParticleSystems":true},"in2DMode":false,"pivot":{"x":-17.611690521240236,"y":31.05459213256836,"z":-56.56529998779297},"rotation":{"x":-0.26202648878097536,"y":0.25031355023384097,"z":-0.07057374715805054,"w":-0.9293583035469055},"size":33.811222076416019,"orthographic":false}