{"cameraMode":{"drawMode":0,"name":"Shaded","section":"Shading Mode"},"sceneLighting":false,"audioPlay":false,"sceneViewState":{"showFog":true,"showMaterialUpdate":false,"showSkybox":false,"showFlares":true,"showImageEffects":true,"showParticleSystems":true},"in2DMode":false,"pivot":{"x":0.29639387130737307,"y":0.9606065154075623,"z":-0.7928169369697571},"rotation":{"x":-0.2625472843647003,"y":0.17594270408153535,"z":-0.04874638840556145,"w":-0.9475054740905762},"size":0.043279170989990237,"orthographic":false}