{"cameraMode":{"drawMode":0,"name":"Shaded","section":"Shading Mode"},"sceneLighting":true,"audioPlay":false,"sceneViewState":{"showFog":true,"showMaterialUpdate":false,"showSkybox":true,"showFlares":true,"showImageEffects":true,"showParticleSystems":true},"in2DMode":false,"pivot":{"x":-3.5307095050811769,"y":6.665382385253906,"z":-16.293384552001954},"rotation":{"x":-0.19090093672275544,"y":0.047682471573352817,"z":-0.009284528903663159,"w":-0.9804068207740784},"size":10.523550987243653,"orthographic":false}