{"cameraMode":{"drawMode":0,"name":"Shaded","section":"Shading Mode"},"sceneLighting":false,"audioPlay":false,"sceneViewState":{"showFog":true,"showMaterialUpdate":false,"showSkybox":false,"showFlares":true,"showImageEffects":true,"showParticleSystems":true},"in2DMode":false,"pivot":{"x":0.000385284423828125,"y":0.017908111214637758,"z":-0.004071325063705444},"rotation":{"x":-0.17760485410690309,"y":-0.05252647027373314,"z":0.00949360802769661,"w":-0.9826535582542419},"size":0.5541340112686157,"orthographic":false}