{"cameraMode":{"drawMode":0,"name":"Shaded","section":"Shading Mode"},"sceneLighting":true,"audioPlay":false,"sceneViewState":{"showFog":true,"showMaterialUpdate":false,"showSkybox":true,"showFlares":true,"showImageEffects":true,"showParticleSystems":true},"in2DMode":false,"pivot":{"x":-1.3823637962341309,"y":1.6072890758514405,"z":-6.628134727478027},"rotation":{"x":-0.3203325569629669,"y":-0.192276269197464,"z":0.0665697529911995,"w":-0.9252040982246399},"size":2.3279786109924318,"orthographic":false}