{"cameraMode":{"drawMode":0,"name":"Shaded","section":"Shading Mode"},"sceneLighting":false,"audioPlay":false,"sceneViewState":{"showFog":true,"showMaterialUpdate":false,"showSkybox":false,"showFlares":true,"showImageEffects":true,"showParticleSystems":true},"in2DMode":false,"pivot":{"x":4.506260395050049,"y":8.559409141540528,"z":-35.016727447509769},"rotation":{"x":0.47048220038414,"y":-0.1999620795249939,"z":0.11027524620294571,"w":0.8524203896522522},"size":0.7078247666358948,"orthographic":false}