{"cameraMode":{"drawMode":0,"name":"Shaded","section":"Shading Mode"},"sceneLighting":true,"audioPlay":false,"sceneViewState":{"showFog":true,"showMaterialUpdate":false,"showSkybox":true,"showFlares":true,"showImageEffects":true,"showParticleSystems":true},"in2DMode":false,"pivot":{"x":0.7596452236175537,"y":-0.25804615020751955,"z":-0.138946533203125},"rotation":{"x":-0.2755926251411438,"y":0.026528503745794297,"z":-0.007595921400934458,"w":-0.9608955383300781},"size":3.445539951324463,"orthographic":false}