{"cameraMode":{"drawMode":0,"name":"Shaded","section":"Shading Mode"},"sceneLighting":false,"audioPlay":false,"sceneViewState":{"showFog":true,"showMaterialUpdate":false,"showSkybox":false,"showFlares":true,"showImageEffects":true,"showParticleSystems":true},"in2DMode":false,"pivot":{"x":1.5299999713897706,"y":1.8676570653915406,"z":-4.449999809265137},"rotation":{"x":-0.2864837348461151,"y":-0.2975756824016571,"z":0.09411594271659851,"w":-0.9058403968811035},"size":0.5567208528518677,"orthographic":false}