{"cameraMode":{"drawMode":0,"name":"Shaded","section":"Shading Mode"},"sceneLighting":false,"audioPlay":false,"sceneViewState":{"showFog":true,"showMaterialUpdate":false,"showSkybox":false,"showFlares":true,"showImageEffects":true,"showParticleSystems":true},"in2DMode":false,"pivot":{"x":-7.615499019622803,"y":1.8756167888641358,"z":-0.22733497619628907},"rotation":{"x":-0.1387033462524414,"y":-0.0958084762096405,"z":0.013483153656125069,"w":-0.9856074452400208},"size":3.8557918071746828,"orthographic":false}