{"cameraMode":{"drawMode":0,"name":"Shaded","section":"Shading Mode"},"sceneLighting":false,"audioPlay":false,"sceneViewState":{"showFog":true,"showMaterialUpdate":false,"showSkybox":false,"showFlares":true,"showImageEffects":true,"showParticleSystems":true},"in2DMode":false,"pivot":{"x":-1.9187679290771485,"y":1.531548261642456,"z":-6.7162957191467289},"rotation":{"x":-0.04473841190338135,"y":-0.156101256608963,"z":0.0070805358700454239,"w":-0.9867172241210938},"size":0.48663461208343508,"orthographic":false}