{"cameraMode":{"drawMode":0,"name":"Shaded","section":"Shading Mode"},"sceneLighting":false,"audioPlay":false,"sceneViewState":{"showFog":true,"showMaterialUpdate":false,"showSkybox":false,"showFlares":true,"showImageEffects":true,"showParticleSystems":true},"in2DMode":false,"pivot":{"x":-9.4399995803833,"y":0.5799999833106995,"z":-1.9199999570846558},"rotation":{"x":-0.27747368812561037,"y":0.08545833081007004,"z":-0.024786347523331643,"w":-0.9566147327423096},"size":3.3073947429656984,"orthographic":false}