{"cameraMode":{"drawMode":0,"name":"Shaded","section":"Shading Mode"},"sceneLighting":false,"audioPlay":false,"sceneViewState":{"showFog":true,"showMaterialUpdate":false,"showSkybox":false,"showFlares":true,"showImageEffects":true,"showParticleSystems":true},"in2DMode":false,"pivot":{"x":-8.45698070526123,"y":2.5285329818725588,"z":-2.156864643096924},"rotation":{"x":-0.25978928804397585,"y":-0.008114004507660866,"z":0.0021842324640601875,"w":-0.965639054775238},"size":0.9767290353775024,"orthographic":false}