{"cameraMode":{"drawMode":0,"name":"Shaded","section":"Shading Mode"},"sceneLighting":true,"audioPlay":false,"sceneViewState":{"showFog":true,"showMaterialUpdate":false,"showSkybox":true,"showFlares":true,"showImageEffects":true,"showParticleSystems":true},"in2DMode":false,"pivot":{"x":-5.052003383636475,"y":-1.5611491203308106,"z":-1.2758378982543946},"rotation":{"x":-0.2755926251411438,"y":0.026528503745794297,"z":-0.007595921400934458,"w":-0.9608955383300781},"size":4.206345081329346,"orthographic":false}