{"cameraMode":{"drawMode":0,"name":"Shaded","section":"Shading Mode"},"sceneLighting":false,"audioPlay":false,"sceneViewState":{"showFog":true,"showMaterialUpdate":false,"showSkybox":false,"showFlares":true,"showImageEffects":true,"showParticleSystems":true},"in2DMode":false,"pivot":{"x":0.5209556818008423,"y":0.03049945831298828,"z":1.6884522438049317},"rotation":{"x":-0.14565223455429078,"y":-0.26595550775527956,"z":0.040693119168281558,"w":-0.9520661234855652},"size":1.8432791233062745,"orthographic":false}