{"cameraMode":{"drawMode":0,"name":"Shaded","section":"Shading Mode"},"sceneLighting":true,"audioPlay":false,"sceneViewState":{"showFog":true,"showMaterialUpdate":false,"showSkybox":true,"showFlares":true,"showImageEffects":true,"showParticleSystems":true},"in2DMode":false,"pivot":{"x":-3.0896170139312746,"y":8.45228385925293,"z":-23.187297821044923},"rotation":{"x":0.14529992640018464,"y":0.006553480867296457,"z":-0.0009945950005203486,"w":0.989423394203186},"size":6.93272590637207,"orthographic":false}