{"cameraMode":{"drawMode":0,"name":"Shaded","section":"Shading Mode"},"sceneLighting":true,"audioPlay":false,"sceneViewState":{"showFog":true,"showMaterialUpdate":false,"showSkybox":true,"showFlares":true,"showImageEffects":true,"showParticleSystems":true},"in2DMode":false,"pivot":{"x":-1.8813964128494263,"y":9.179874420166016,"z":-17.42782211303711},"rotation":{"x":-0.24946212768554688,"y":0.03688165172934532,"z":-0.009508339688181878,"w":-0.9676443338394165},"size":12.346824645996094,"orthographic":false}