{"cameraMode":{"drawMode":0,"name":"Shaded","section":"Shading Mode"},"sceneLighting":false,"audioPlay":false,"sceneViewState":{"showFog":true,"showMaterialUpdate":false,"showSkybox":false,"showFlares":true,"showImageEffects":true,"showParticleSystems":true},"in2DMode":false,"pivot":{"x":-0.2982868552207947,"y":-0.7969949841499329,"z":1.4411063194274903},"rotation":{"x":-0.3765866756439209,"y":0.3079269230365753,"z":-0.13430024683475495,"w":-0.8633428812026978},"size":1.2032184600830079,"orthographic":false}