{"cameraMode":{"drawMode":0,"name":"Shaded","section":"Shading Mode"},"sceneLighting":false,"audioPlay":false,"sceneViewState":{"showFog":true,"showMaterialUpdate":false,"showSkybox":false,"showFlares":true,"showImageEffects":true,"showParticleSystems":true},"in2DMode":false,"pivot":{"x":12.760000228881836,"y":0.3999999761581421,"z":2.25},"rotation":{"x":-0.27747368812561037,"y":0.08545833081007004,"z":-0.024786347523331643,"w":-0.9566147327423096},"size":0.4330126941204071,"orthographic":false}