{"cameraMode":{"drawMode":0,"name":"Shaded","section":"Shading Mode"},"sceneLighting":false,"audioPlay":false,"sceneViewState":{"showFog":true,"showMaterialUpdate":false,"showSkybox":false,"showFlares":true,"showImageEffects":true,"showParticleSystems":true},"in2DMode":false,"pivot":{"x":-0.26161283254623415,"y":0.5821218490600586,"z":-0.22531163692474366},"rotation":{"x":-0.3323461413383484,"y":0.05146069452166557,"z":-0.018162406980991365,"w":-0.9415930509567261},"size":0.6213492155075073,"orthographic":false}