{"cameraMode":{"drawMode":0,"name":"Shaded","section":"Shading Mode"},"sceneLighting":false,"audioPlay":false,"sceneViewState":{"showFog":true,"showMaterialUpdate":false,"showSkybox":false,"showFlares":true,"showImageEffects":true,"showParticleSystems":true},"in2DMode":false,"pivot":{"x":-0.13113602995872498,"y":-2.719719409942627,"z":-0.6609020233154297},"rotation":{"x":-0.3679152727127075,"y":-0.014784222468733788,"z":0.005856731906533241,"w":-0.9297375679016113},"size":4.0719122886657719,"orthographic":false}