{"cameraMode":{"drawMode":0,"name":"Shaded","section":"Shading Mode"},"sceneLighting":true,"audioPlay":false,"sceneViewState":{"showFog":true,"showMaterialUpdate":false,"showSkybox":true,"showFlares":true,"showImageEffects":true,"showParticleSystems":true},"in2DMode":false,"pivot":{"x":-3.139249324798584,"y":1.5664887428283692,"z":-1.805406093597412},"rotation":{"x":-0.24515894055366517,"y":0.03111259639263153,"z":-0.007868928834795952,"w":-0.9689643383026123},"size":4.538110256195068,"orthographic":false}