{"cameraMode":{"drawMode":0,"name":"Shaded","section":"Shading Mode"},"sceneLighting":false,"audioPlay":false,"sceneViewState":{"showFog":true,"showMaterialUpdate":false,"showSkybox":false,"showFlares":true,"showImageEffects":true,"showParticleSystems":true},"in2DMode":false,"pivot":{"x":-2.6338694095611574,"y":1.4400765895843506,"z":-5.266575336456299},"rotation":{"x":-0.3497515916824341,"y":-0.0064672003500163559,"z":0.002414580201730132,"w":-0.9368289113044739},"size":0.6967140436172485,"orthographic":false}