{"cameraMode":{"drawMode":0,"name":"Shaded","section":"Shading Mode"},"sceneLighting":true,"audioPlay":false,"sceneViewState":{"showFog":true,"showMaterialUpdate":false,"showSkybox":true,"showFlares":true,"showImageEffects":true,"showParticleSystems":true},"in2DMode":false,"pivot":{"x":1.2262825965881348,"y":-0.14090442657470704,"z":-0.3321819305419922},"rotation":{"x":-0.17920498549938203,"y":-0.0377672016620636,"z":0.006910006981343031,"w":-0.9830788969993591},"size":23.714160919189454,"orthographic":false}