{"cameraMode":{"drawMode":0,"name":"Shaded","section":"Shading Mode"},"sceneLighting":false,"audioPlay":false,"sceneViewState":{"showFog":true,"showMaterialUpdate":false,"showSkybox":false,"showFlares":true,"showImageEffects":true,"showParticleSystems":true},"in2DMode":false,"pivot":{"x":-0.18058183789253236,"y":-0.11101797223091126,"z":0.010954439640045166},"rotation":{"x":-0.25854846835136416,"y":-0.17075295746326447,"z":0.04648660123348236,"w":-0.9496601223945618},"size":0.4719127416610718,"orthographic":false}