{"cameraMode":{"drawMode":0,"name":"Shaded","section":"Shading Mode"},"sceneLighting":false,"audioPlay":false,"sceneViewState":{"showFog":true,"showMaterialUpdate":false,"showSkybox":false,"showFlares":true,"showImageEffects":true,"showParticleSystems":true},"in2DMode":false,"pivot":{"x":-1.1793845891952515,"y":1.4948582649230958,"z":-1.187878966331482},"rotation":{"x":-0.18508945405483247,"y":-0.21417786180973054,"z":0.041371699422597888,"w":-0.9582162499427795},"size":0.9017344117164612,"orthographic":false}