{"cameraMode":{"drawMode":0,"name":"Shaded","section":"Shading Mode"},"sceneLighting":false,"audioPlay":false,"sceneViewState":{"showFog":true,"showMaterialUpdate":false,"showSkybox":false,"showFlares":true,"showImageEffects":true,"showParticleSystems":true},"in2DMode":false,"pivot":{"x":5.763725280761719,"y":7.511846542358398,"z":-30.104717254638673},"rotation":{"x":0.25309616327285769,"y":-0.011608965694904328,"z":0.003037300193682313,"w":0.9673674702644348},"size":1.970721960067749,"orthographic":false}