{"cameraMode":{"drawMode":0,"name":"Shaded","section":"Shading Mode"},"sceneLighting":false,"audioPlay":false,"sceneViewState":{"showFog":true,"showMaterialUpdate":false,"showSkybox":false,"showFlares":true,"showImageEffects":true,"showParticleSystems":true},"in2DMode":false,"pivot":{"x":-5.409999847412109,"y":1.5750000476837159,"z":-6.440000057220459},"rotation":{"x":0.18806517124176026,"y":-0.03621161729097366,"z":0.006918637081980705,"w":0.9815172553062439},"size":0.39671388268470766,"orthographic":false}