{"cameraMode":{"drawMode":0,"name":"Shaded","section":"Shading Mode"},"sceneLighting":false,"audioPlay":false,"sceneViewState":{"showFog":true,"showMaterialUpdate":false,"showSkybox":false,"showFlares":true,"showImageEffects":true,"showParticleSystems":true},"in2DMode":false,"pivot":{"x":0.017043232917785646,"y":0.09711253643035889,"z":0.1740664839744568},"rotation":{"x":-0.17760485410690309,"y":-0.05252647027373314,"z":0.00949360802769661,"w":-0.9826535582542419},"size":0.8427807092666626,"orthographic":false}