{"cameraMode":{"drawMode":0,"name":"Shaded","section":"Shading Mode"},"sceneLighting":false,"audioPlay":false,"sceneViewState":{"showFog":true,"showMaterialUpdate":false,"showSkybox":false,"showFlares":true,"showImageEffects":true,"showParticleSystems":true},"in2DMode":false,"pivot":{"x":-0.5652362704277039,"y":0.47727394104003909,"z":1.3169848918914796},"rotation":{"x":-0.17440222203731538,"y":-0.07466129213571549,"z":0.013263399712741375,"w":-0.9817511439323425},"size":2.482661485671997,"orthographic":false}