{"cameraMode":{"drawMode":0,"name":"Shaded","section":"Shading Mode"},"sceneLighting":false,"audioPlay":false,"sceneViewState":{"showFog":true,"showMaterialUpdate":false,"showSkybox":false,"showFlares":true,"showImageEffects":true,"showParticleSystems":true},"in2DMode":false,"pivot":{"x":0.0,"y":0.1736171543598175,"z":-5.960464477539063e-8},"rotation":{"x":-0.2625472843647003,"y":0.17594270408153535,"z":-0.04874638840556145,"w":-0.9475054740905762},"size":0.23195333778858186,"orthographic":false}