{"cameraMode":{"drawMode":0,"name":"Shaded","section":"Shading Mode"},"sceneLighting":false,"audioPlay":false,"sceneViewState":{"showFog":true,"showMaterialUpdate":false,"showSkybox":false,"showFlares":true,"showImageEffects":true,"showParticleSystems":true},"in2DMode":false,"pivot":{"x":0.27096986770629885,"y":0.07226359844207764,"z":0.00753369927406311},"rotation":{"x":0.27686700224876406,"y":0.47537684440612795,"z":-0.1606433242559433,"w":0.8195573687553406},"size":0.39858463406562807,"orthographic":false}