{"cameraMode":{"drawMode":0,"name":"Shaded","section":"Shading Mode"},"sceneLighting":false,"audioPlay":false,"sceneViewState":{"showFog":true,"showMaterialUpdate":false,"showSkybox":false,"showFlares":true,"showImageEffects":true,"showParticleSystems":true},"in2DMode":false,"pivot":{"x":3.518867015838623,"y":8.514202117919922,"z":-9.902200698852539},"rotation":{"x":-0.24946212768554688,"y":0.03688165172934532,"z":-0.009508339688181878,"w":-0.9676443338394165},"size":6.674800872802734,"orthographic":false}