{"cameraMode":{"drawMode":0,"name":"Shaded","section":"Shading Mode"},"sceneLighting":true,"audioPlay":false,"sceneViewState":{"showFog":true,"showMaterialUpdate":false,"showSkybox":true,"showFlares":true,"showImageEffects":true,"showParticleSystems":true},"in2DMode":false,"pivot":{"x":6.816838264465332,"y":60.006324768066409,"z":39.28501510620117},"rotation":{"x":-0.10473557561635971,"y":0.22389574348926545,"z":0.024167951196432115,"w":0.9687323570251465},"size":15.855940818786621,"orthographic":false}