{"cameraMode":{"drawMode":0,"name":"Shaded","section":"Shading Mode"},"sceneLighting":true,"audioPlay":false,"sceneViewState":{"showFog":true,"showMaterialUpdate":false,"showSkybox":true,"showFlares":true,"showImageEffects":true,"showParticleSystems":true},"in2DMode":false,"pivot":{"x":-11.853261947631836,"y":7.570979118347168,"z":-15.835674285888672},"rotation":{"x":-0.18096624314785005,"y":0.11829496920108795,"z":-0.021914390847086908,"w":-0.9761198163032532},"size":6.9659295082092289,"orthographic":false}