{"cameraMode":{"drawMode":0,"name":"Shaded","section":"Shading Mode"},"sceneLighting":false,"audioPlay":false,"sceneViewState":{"showFog":true,"showMaterialUpdate":false,"showSkybox":false,"showFlares":true,"showImageEffects":true,"showParticleSystems":true},"in2DMode":false,"pivot":{"x":0.057831764221191409,"y":-0.9523415565490723,"z":-0.8441529273986816},"rotation":{"x":-0.37159159779548647,"y":0.19874981045722962,"z":-0.08176449686288834,"w":-0.9031960964202881},"size":2.715505599975586,"orthographic":false}