{"cameraMode":{"drawMode":0,"name":"Shaded","section":"Shading Mode"},"sceneLighting":false,"audioPlay":false,"sceneViewState":{"showFog":true,"showMaterialUpdate":false,"showSkybox":false,"showFlares":true,"showImageEffects":true,"showParticleSystems":true},"in2DMode":false,"pivot":{"x":-0.1685476005077362,"y":-0.7678604125976563,"z":1.260381817817688},"rotation":{"x":0.2775886058807373,"y":0.08116523176431656,"z":-0.0236220620572567,"w":0.957030713558197},"size":1.6436772346496583,"orthographic":false}