{"cameraMode":{"drawMode":0,"name":"Shaded","section":"Shading Mode"},"sceneLighting":true,"audioPlay":false,"sceneViewState":{"showFog":true,"showMaterialUpdate":false,"showSkybox":true,"showFlares":true,"showImageEffects":true,"showParticleSystems":true},"in2DMode":false,"pivot":{"x":-0.9351433515548706,"y":-0.9338364601135254,"z":-0.6556415557861328},"rotation":{"x":-0.2755926251411438,"y":0.026528503745794297,"z":-0.007595921400934458,"w":-0.9608955383300781},"size":5.706346035003662,"orthographic":false}