{"cameraMode":{"drawMode":0,"name":"Shaded","section":"Shading Mode"},"sceneLighting":false,"audioPlay":false,"sceneViewState":{"showFog":true,"showMaterialUpdate":false,"showSkybox":false,"showFlares":true,"showImageEffects":true,"showParticleSystems":true},"in2DMode":false,"pivot":{"x":-0.017322778701782228,"y":0.0042380765080451969,"z":0.030228257179260255},"rotation":{"x":-0.23353950679302216,"y":-0.027127139270305635,"z":0.006518091075122356,"w":-0.9719477295875549},"size":0.6553093791007996,"orthographic":false}