{"cameraMode":{"drawMode":0,"name":"Shaded","section":"Shading Mode"},"sceneLighting":true,"audioPlay":false,"sceneViewState":{"showFog":true,"showMaterialUpdate":false,"showSkybox":true,"showFlares":true,"showImageEffects":true,"showParticleSystems":true},"in2DMode":false,"pivot":{"x":1.4633238315582276,"y":2.2506589889526369,"z":-6.301595687866211},"rotation":{"x":-0.2755926251411438,"y":0.026528503745794297,"z":-0.007595921400934458,"w":-0.9608955383300781},"size":1.4091582298278809,"orthographic":false}