{"cameraMode":{"drawMode":0,"name":"Shaded","section":"Shading Mode"},"sceneLighting":true,"audioPlay":false,"sceneViewState":{"showFog":true,"showMaterialUpdate":false,"showSkybox":true,"showFlares":true,"showImageEffects":true,"showParticleSystems":true},"in2DMode":false,"pivot":{"x":-15.031126976013184,"y":-198.71945190429688,"z":234.70960998535157},"rotation":{"x":-0.34399083256721499,"y":0.02732461504638195,"z":-0.00998945813626051,"w":-0.9385437965393066},"size":160.31687927246095,"orthographic":false}