{"cameraMode":{"drawMode":0,"name":"Shaded","section":"Shading Mode"},"sceneLighting":true,"audioPlay":false,"sceneViewState":{"showFog":true,"showMaterialUpdate":false,"showSkybox":true,"showFlares":true,"showImageEffects":true,"showParticleSystems":true},"in2DMode":false,"pivot":{"x":-130.2881317138672,"y":130.4398956298828,"z":364.56890869140627},"rotation":{"x":-0.19090093672275544,"y":0.047682471573352817,"z":-0.009284528903663159,"w":-0.9804068207740784},"size":160.88137817382813,"orthographic":false}