{"cameraMode":{"drawMode":0,"name":"Shaded","section":"Shading Mode"},"sceneLighting":false,"audioPlay":false,"sceneViewState":{"showFog":true,"showMaterialUpdate":false,"showSkybox":false,"showFlares":true,"showImageEffects":true,"showParticleSystems":true},"in2DMode":false,"pivot":{"x":-3.4043939113616945,"y":1.3253995180130005,"z":-5.317889213562012},"rotation":{"x":-0.12500789761543275,"y":-0.6764528751373291,"z":0.11807264387607575,"w":-0.7161446213722229},"size":0.3967140316963196,"orthographic":false}