{"cameraMode":{"drawMode":0,"name":"Shaded","section":"Shading Mode"},"sceneLighting":true,"audioPlay":false,"sceneViewState":{"showFog":true,"showMaterialUpdate":false,"showSkybox":true,"showFlares":true,"showImageEffects":true,"showParticleSystems":true},"in2DMode":false,"pivot":{"x":0.05338962376117706,"y":-1.9811182022094727,"z":-1.9585437774658204},"rotation":{"x":-0.3734869360923767,"y":-0.014749403111636639,"z":0.005944079253822565,"w":-0.9275140166282654},"size":4.8959150314331059,"orthographic":false}