{"cameraMode":{"drawMode":0,"name":"Shaded","section":"Shading Mode"},"sceneLighting":false,"audioPlay":false,"sceneViewState":{"showFog":true,"showMaterialUpdate":false,"showSkybox":false,"showFlares":true,"showImageEffects":true,"showParticleSystems":true},"in2DMode":false,"pivot":{"x":-0.01048431545495987,"y":-0.9792721271514893,"z":1.2459245920181275},"rotation":{"x":-0.3200242519378662,"y":-0.017905769869685174,"z":0.006054882425814867,"w":-0.9472376704216003},"size":1.5019581317901612,"orthographic":false}