{"cameraMode":{"drawMode":0,"name":"Shaded","section":"Shading Mode"},"sceneLighting":true,"audioPlay":false,"sceneViewState":{"showFog":true,"showMaterialUpdate":false,"showSkybox":true,"showFlares":true,"showImageEffects":true,"showParticleSystems":true},"in2DMode":false,"pivot":{"x":-15.885515213012696,"y":9.195969581604004,"z":-1.6964645385742188},"rotation":{"x":0.059428486973047259,"y":0.9129666686058044,"z":-0.3772156536579132,"w":0.1438780575990677},"size":6.383265495300293,"orthographic":false}