{"cameraMode":{"drawMode":0,"name":"Shaded","section":"Shading Mode"},"sceneLighting":true,"audioPlay":false,"sceneViewState":{"showFog":true,"showMaterialUpdate":false,"showSkybox":true,"showFlares":true,"showImageEffects":true,"showParticleSystems":true},"in2DMode":false,"pivot":{"x":-6.989569664001465,"y":8.774076461791993,"z":-34.595577239990237},"rotation":{"x":-0.1797504425048828,"y":-0.4872778058052063,"z":0.10325334966182709,"w":-0.8482860326766968},"size":0.4096536338329315,"orthographic":false}