{"cameraMode":{"drawMode":0,"name":"Shaded","section":"Shading Mode"},"sceneLighting":false,"audioPlay":false,"sceneViewState":{"showFog":true,"showMaterialUpdate":false,"showSkybox":false,"showFlares":true,"showImageEffects":true,"showParticleSystems":true},"in2DMode":false,"pivot":{"x":-0.12665386497974397,"y":0.17447197437286378,"z":0.08345168828964234},"rotation":{"x":-0.23353950679302216,"y":-0.027127139270305635,"z":0.006518091075122356,"w":-0.9719477295875549},"size":0.5656286478042603,"orthographic":false}