{"cameraMode":{"drawMode":0,"name":"Shaded","section":"Shading Mode"},"sceneLighting":false,"audioPlay":false,"sceneViewState":{"showFog":true,"showMaterialUpdate":false,"showSkybox":false,"showFlares":true,"showImageEffects":true,"showParticleSystems":true},"in2DMode":false,"pivot":{"x":-8.943120956420899,"y":2.0884711742401125,"z":-1.0532379150390626},"rotation":{"x":-0.25978928804397585,"y":-0.008114004507660866,"z":0.0021842324640601875,"w":-0.965639054775238},"size":2.055729389190674,"orthographic":false}