{"cameraMode":{"drawMode":0,"name":"Shaded","section":"Shading Mode"},"sceneLighting":true,"audioPlay":false,"sceneViewState":{"showFog":true,"showMaterialUpdate":false,"showSkybox":true,"showFlares":true,"showImageEffects":true,"showParticleSystems":true},"in2DMode":false,"pivot":{"x":-3.8183295726776125,"y":10.14310073852539,"z":-30.73055076599121},"rotation":{"x":-0.19090093672275544,"y":0.047682471573352817,"z":-0.009284528903663159,"w":-0.9804068207740784},"size":2.1740684509277345,"orthographic":false}