{"cameraMode":{"drawMode":0,"name":"Shaded","section":"Shading Mode"},"sceneLighting":false,"audioPlay":false,"sceneViewState":{"showFog":true,"showMaterialUpdate":false,"showSkybox":false,"showFlares":true,"showImageEffects":true,"showParticleSystems":true},"in2DMode":false,"pivot":{"x":3.518867015838623,"y":8.474361419677735,"z":-9.929746627807618},"rotation":{"x":-0.009088166989386082,"y":0.9825244545936585,"z":-0.17910383641719819,"w":-0.04985576868057251},"size":6.705301284790039,"orthographic":false}