{"cameraMode":{"drawMode":0,"name":"Shaded","section":"Shading Mode"},"sceneLighting":true,"audioPlay":false,"sceneViewState":{"showFog":true,"showMaterialUpdate":false,"showSkybox":true,"showFlares":true,"showImageEffects":true,"showParticleSystems":true},"in2DMode":false,"pivot":{"x":1.583742380142212,"y":-1.3917183876037598,"z":7.413204669952393},"rotation":{"x":0.2458513379096985,"y":-0.0029071206226944925,"z":0.0007373426924459636,"w":0.9693055152893066},"size":6.932851791381836,"orthographic":false}