{"cameraMode":{"drawMode":0,"name":"Shaded","section":"Shading Mode"},"sceneLighting":true,"audioPlay":false,"sceneViewState":{"showFog":true,"showMaterialUpdate":false,"showSkybox":true,"showFlares":true,"showImageEffects":true,"showParticleSystems":true},"in2DMode":false,"pivot":{"x":4.990316390991211,"y":7.857395172119141,"z":0.9873428344726563},"rotation":{"x":0.29524222016334536,"y":0.04154486581683159,"z":-0.012850803323090077,"w":0.9544373750686646},"size":8.888293266296387,"orthographic":false}