{"cameraMode":{"drawMode":0,"name":"Shaded","section":"Shading Mode"},"sceneLighting":true,"audioPlay":false,"sceneViewState":{"showFog":true,"showMaterialUpdate":false,"showSkybox":true,"showFlares":true,"showImageEffects":true,"showParticleSystems":true},"in2DMode":false,"pivot":{"x":0.7200000286102295,"y":1.2022504806518555,"z":-4.190000057220459},"rotation":{"x":-0.2742122411727905,"y":-0.01673572137951851,"z":0.004770538304001093,"w":-0.9615209102630615},"size":3.9286515712738039,"orthographic":false}