{"cameraMode":{"drawMode":0,"name":"Shaded","section":"Shading Mode"},"sceneLighting":false,"audioPlay":false,"sceneViewState":{"showFog":true,"showMaterialUpdate":false,"showSkybox":false,"showFlares":true,"showImageEffects":true,"showParticleSystems":true},"in2DMode":false,"pivot":{"x":4.489999771118164,"y":1.3022503852844239,"z":0.11000004410743714},"rotation":{"x":-0.2742122411727905,"y":-0.01673572137951851,"z":0.004770538304001093,"w":-0.9615209102630615},"size":0.6286519169807434,"orthographic":false}