{"cameraMode":{"drawMode":0,"name":"Shaded","section":"Shading Mode"},"sceneLighting":true,"audioPlay":false,"sceneViewState":{"showFog":true,"showMaterialUpdate":false,"showSkybox":true,"showFlares":true,"showImageEffects":true,"showParticleSystems":true},"in2DMode":false,"pivot":{"x":0.00042125582695007324,"y":0.010765229351818562,"z":-0.004430018365383148},"rotation":{"x":-0.4526996910572052,"y":-0.00883099902421236,"z":0.004481422249227762,"w":-0.8916179537773132},"size":7.007338523864746,"orthographic":false}