{"cameraMode":{"drawMode":0,"name":"Shaded","section":"Shading Mode"},"sceneLighting":true,"audioPlay":false,"sceneViewState":{"showFog":true,"showMaterialUpdate":false,"showSkybox":true,"showFlares":true,"showImageEffects":true,"showParticleSystems":true},"in2DMode":false,"pivot":{"x":4.658634185791016,"y":-21.647594451904298,"z":103.37425231933594},"rotation":{"x":-0.21743085980415345,"y":-0.03308479115366936,"z":0.007374242879450321,"w":-0.9754871726036072},"size":69.432373046875,"orthographic":false}