{"cameraMode":{"drawMode":0,"name":"Shaded","section":"Shading Mode"},"sceneLighting":true,"audioPlay":false,"sceneViewState":{"showFog":true,"showMaterialUpdate":false,"showSkybox":true,"showFlares":true,"showImageEffects":true,"showParticleSystems":true},"in2DMode":false,"pivot":{"x":1.8640193939208985,"y":2.719539165496826,"z":-0.9800041317939758},"rotation":{"x":-0.2742122411727905,"y":-0.01673572137951851,"z":0.004770538304001093,"w":-0.9615209102630615},"size":10.0,"orthographic":false}