{"cameraMode":{"drawMode":0,"name":"Shaded","section":"Shading Mode"},"sceneLighting":true,"audioPlay":false,"sceneViewState":{"showFog":true,"showMaterialUpdate":false,"showSkybox":true,"showFlares":true,"showImageEffects":true,"showParticleSystems":true},"in2DMode":false,"pivot":{"x":-3.9183552265167238,"y":1.2796753644943238,"z":-6.635909080505371},"rotation":{"x":-0.3203325569629669,"y":-0.192276269197464,"z":0.0665697529911995,"w":-0.9252040982246399},"size":1.6055853366851807,"orthographic":false}