{"cameraMode":{"drawMode":0,"name":"Shaded","section":"Shading Mode"},"sceneLighting":false,"audioPlay":false,"sceneViewState":{"showFog":true,"showMaterialUpdate":false,"showSkybox":false,"showFlares":true,"showImageEffects":true,"showParticleSystems":true},"in2DMode":false,"pivot":{"x":0.0,"y":0.7001494765281677,"z":0.023962050676345826},"rotation":{"x":-0.1523401141166687,"y":-0.6924718618392944,"z":0.15325820446014405,"w":-0.6883221864700317},"size":1.5200790166854859,"orthographic":false}